{
  "Contig Stats": {
    "L10": 6361,
    "L20": 16845,
    "L30": 31613,
    "L40": 52093,
    "L50": 81133,
    "N10": 2142,
    "N20": 1477,
    "N30": 1060,
    "N40": 762,
    "N50": 523,
    "gc_content": 40.64267665679054,
    "longest": 14668,
    "mean": 187.8206716697898,
    "median": 70.0,
    "sequence_count": 978189,
    "shortest": 4,
    "total_bps": 183724115
  },
  "Scaffold Stats": {
    "L10": 6285,
    "L20": 16663,
    "L30": 31296,
    "L40": 51589,
    "L50": 80360,
    "N10": 2168,
    "N20": 1491,
    "N30": 1070,
    "N40": 770,
    "N50": 528,
    "gc_content": 40.64267665679054,
    "longest": 14668,
    "mean": 188.24913103349425,
    "median": 70.0,
    "sequence_count": 976735,
    "shortest": 55,
    "total_bps": 183869515
  }
}
